Name,Instrument,DataTreatment,DataType,Temporal,OneHotEncoded
subject_id,treatment_event,Drop,Char,Static,No
redcap_repeat_instrument,treatment_event,Drop,Char,Time-Varying,No
redcap_repeat_instance,treatment_event,Drop,Num,Time-Varying,No
date_response,treatment_event,Drop,Datetime,Time-Varying,No
e_response,treatment_event,Drop,Num,Time-Varying,No
w_relapse,treatment_event,Drop,Num,Time-Varying,No
w_mrd_type___1,treatment_event,Code,Binary,Time-Varying,Yes
w_mrd_type___2,treatment_event,Code,Binary,Time-Varying,Yes
w_mrd_type___3,treatment_event,Code,Binary,Time-Varying,Yes
w_mrd_type___4,treatment_event,Code,Binary,Time-Varying,Yes
w_mrd_type___5,treatment_event,Code,Binary,Time-Varying,Yes
w_mrd_type___6,treatment_event,Code,Binary,Time-Varying,Yes
w_mrd_type_other,treatment_event,Drop,Char,Static,No
wbc_know,treatment_event,Code,Binary,Time-Varying,Yes
wbc_0,response_or_relapse_event,Code,Num,Time-Varying,Manual
wbc_1,response_or_relapse_event,Code,Num,Time-Varying,Manual
wbc_2,response_or_relapse_event,Code,Num,Time-Varying,Manual
wbc_3,response_or_relapse_event,Code,Num,Time-Varying,Manual
wbc_4,response_or_relapse_event,Code,Num,Time-Varying,Manual
wbc_5,response_or_relapse_event,Code,Num,Time-Varying,Manual
pbblasts_known,treatment_event,Code,Binary,Time-Varying,Yes
pb_blasts_0,response_or_relapse_event,Code,Num,Time-Varying,Manual
pb_blasts_1,response_or_relapse_event,Code,Num,Time-Varying,Manual
pb_blasts_2,response_or_relapse_event,Code,Num,Time-Varying,Manual
pb_blasts_3,response_or_relapse_event,Code,Num,Time-Varying,Manual
pb_blasts_4,response_or_relapse_event,Code,Num,Time-Varying,Manual
bmblasts_known,treatment_event,Code,Binary,Time-Varying,Yes
bm_blasts_0,response_or_relapse_event,Code,Num,Time-Varying,Manual
bm_blasts_1,response_or_relapse_event,Code,Num,Time-Varying,Manual
bm_blasts_2,response_or_relapse_event,Code,Num,Time-Varying,Manual
bm_blasts_3,response_or_relapse_event,Code,Num,Time-Varying,Manual
bm_blasts_5,response_or_relapse_event,Code,Num,Time-Varying,Manual
extramed_type___1,treatment_event,Code,Binary,Time-Varying,Yes
extramed_type___2,treatment_event,Code,Binary,Time-Varying,Yes
extramed_type___3,treatment_event,Code,Binary,Time-Varying,Yes
extramed_type___4,treatment_event,Code,Binary,Time-Varying,Yes
extramed_type___5,treatment_event,Code,Binary,Time-Varying,Yes
extramed_type___6,treatment_event,Code,Binary,Time-Varying,Yes
extramed_type___7,treatment_event,Code,Binary,Time-Varying,Yes
w_relapse_cns_details___1,treatment_event,Code,Binary,Time-Varying,Yes
w_relapse_cns_details___2,treatment_event,Code,Binary,Time-Varying,Yes
w_relapse_cns_details___3,treatment_event,Code,Binary,Time-Varying,Yes
w_relapse_cns_details___4,treatment_event,Code,Binary,Time-Varying,Yes
w_relapse_cns_details___5,treatment_event,Code,Binary,Time-Varying,Yes
w_relapse_cns_details___6,treatment_event,Code,Binary,Time-Varying,Yes
emd_other,treatment_event,Drop,Char,Static,No
w_sub_relapse_details,treatment_event,Drop,Char,Static,No
w_crdepth,treatment_event,Drop,Num,Time-Varying,No
w_pet_mass,treatment_event,Drop,Num,Time-Varying,No
w_cr_pet_suv,treatment_event,Drop,Char,Time-Varying,No
w_sub_cr_details,treatment_event,Drop,Char,Static,No
days_hct1_to_e,treatment_event,Drop,Num,Time-Varying,No
days_index_relapse_to_e,treatment_event,Drop,Num,Time-Varying,No
response_or_relapse_event_complete,treatment_event,Drop,Num,Time-Varying,No
date_treatment,treatment_event,Drop,Datetime,Static,No
e_treatment___1,treatment_event,Code,Binary,Time-Varying,Yes
e_treatment___2,treatment_event,Code,Binary,Time-Varying,Yes
e_treatment___3,treatment_event,Code,Binary,Time-Varying,Yes
e_treatment___4,treatment_event,Code,Binary,Time-Varying,Yes
e_treatment___5,treatment_event,Code,Binary,Time-Varying,Yes
e_treatment___6,treatment_event,Code,Binary,Time-Varying,Yes
e_treatment___7,treatment_event,Code,Binary,Time-Varying,Yes
e_treatment___8,treatment_event,Code,Binary,Time-Varying,Yes
e_treatment___9,treatment_event,Code,Binary,Time-Varying,Yes
e_treatment___10,treatment_event,Code,Binary,Time-Varying,Yes
e_treatment___11,treatment_event,Code,Binary,Time-Varying,Yes
e_treatment___12,treatment_event,Code,Binary,Time-Varying,Yes
e_treatment___13,treatment_event,Code,Binary,Time-Varying,Yes
e_treatment___14,treatment_event,Code,Binary,Time-Varying,Yes
rx_indic_other,treatment_event,Drop,Char,Static,No
w_sub_induction_cycles,treatment_event,Drop,Num,Time-Varying,No
w_sub_other_induction,treatment_event,Drop,Char,Static,No
w_sub_consol_other,treatment_event,Drop,Char,Static,No
w_sub_consol_cycles,treatment_event,Drop,Num,Time-Varying,No
w_sub_intrathecal___1,treatment_event,Code,Binary,Time-Varying,Yes
w_sub_intrathecal___2,treatment_event,Code,Binary,Time-Varying,Yes
w_sub_intrathecal___3,treatment_event,Code,Binary,Time-Varying,Yes
w_sub_intrathecal___4,treatment_event,Code,Binary,Time-Varying,Yes
w_sub_intrathecal___5,treatment_event,Code,Binary,Time-Varying,Yes
w_sub_intrathecal___6,treatment_event,Code,Binary,Time-Varying,Yes
w_sub_radiation_site,treatment_event,Drop,Char,Time-Varying,No
w_sub_radiation_dose,treatment_event,Drop,Num,Time-Varying,No
w_treatment_hypomethyl,treatment_event,Drop,Num,Time-Varying,No
w_sub_other_hypomethyl,treatment_event,Drop,Char,Time-Varying,No
w_sub_hypomethyl_cycles,treatment_event,Drop,Num,Time-Varying,No
w_treatment_targeted___1,treatment_event,Code,Binary,Time-Varying,Yes
w_treatment_targeted___2,treatment_event,Code,Binary,Time-Varying,Yes
w_treatment_targeted___3,treatment_event,Code,Binary,Time-Varying,Yes
w_treatment_targeted___4,treatment_event,Code,Binary,Time-Varying,Yes
w_treatment_targeted___5,treatment_event,Code,Binary,Time-Varying,Yes
w_treatment_targeted___6,treatment_event,Code,Binary,Time-Varying,Yes
w_treatment_targeted___7,treatment_event,Code,Binary,Time-Varying,Yes
w_treatment_targeted___8,treatment_event,Code,Binary,Time-Varying,Yes
w_treatment_targeted___9,treatment_event,Code,Binary,Time-Varying,Yes
w_treatment_targeted___10,treatment_event,Code,Binary,Time-Varying,Yes
w_treatment_targeted___11,treatment_event,Code,Binary,Time-Varying,Yes
w_treatment_targeted___12,treatment_event,Code,Binary,Time-Varying,Yes
w_treatment_targeted___13,treatment_event,Code,Binary,Time-Varying,Yes
w_treatment_targeted___14,treatment_event,Code,Binary,Time-Varying,Yes
w_treatment_targeted___15,treatment_event,Code,Binary,Time-Varying,Yes
w_treatment_targeted___16,treatment_event,Code,Binary,Time-Varying,Yes
w_treatment_targeted___17,treatment_event,Code,Binary,Time-Varying,Yes
w_treatment_targeted___18,treatment_event,Code,Binary,Time-Varying,Yes
w_treatment_targeted___19,treatment_event,Code,Binary,Time-Varying,Yes
w_treatment_targeted___20,treatment_event,Code,Binary,Time-Varying,Yes
w_treatment_targeted___21,treatment_event,Code,Binary,Time-Varying,Yes
w_treatment_targeted___22,treatment_event,Code,Binary,Time-Varying,Yes
w_treatment_targeted___23,treatment_event,Code,Binary,Time-Varying,Yes
w_sub_other_targeted,treatment_event,Drop,Char,Time-Varying,No
w_target_stop,treatment_event,Drop,Datetime,Static,No
w_targeted_breaks,treatment_event,Drop,Char,Time-Varying,No
w_treatment_checkpoint,treatment_event,Drop,Char,Time-Varying,No
w_sub_other_checkpoint,treatment_event,Drop,Char,Time-Varying,No
w_sub_doses_checkpoint,treatment_event,Drop,Char,Time-Varying,No
w_sub_checkpoint_doseunit,treatment_event,Drop,Char,Time-Varying,No
w_sub_checkpoint_schedule,treatment_event,Drop,Char,Time-Varying,No
w_sub_other_cytokine,treatment_event,Drop,Char,Time-Varying,No
w_sub_cytokine_dose,treatment_event,Drop,Char,Time-Varying,No
w_sub_mylotarg_doses,treatment_event,Drop,Num,Time-Varying,No
w_sub_other_dli,treatment_event,Drop,Char,Time-Varying,No
car_type,treatment_event,Drop,Char,Time-Varying,No
w_sub_dli_dose,treatment_event,Drop,Num,Time-Varying,No
dli_dose_log,treatment_event,Drop,Num,Time-Varying,No
w_sub_dli_unit,treatment_event,Drop,Char,Static,No
hct2_conditioning___1,treatment_event,Code,Binary,Time-Varying,Yes
hct2_conditioning___2,treatment_event,Code,Binary,Time-Varying,Yes
hct2_conditioning___3,treatment_event,Code,Binary,Time-Varying,Yes
hct2_conditioning___4,treatment_event,Code,Binary,Time-Varying,Yes
hct2_conditioning___5,treatment_event,Code,Binary,Time-Varying,Yes
hct2_conditioning___6,treatment_event,Code,Binary,Time-Varying,Yes
hct2_conditioning___7,treatment_event,Code,Binary,Time-Varying,Yes
hct2_conditioning___8,treatment_event,Code,Binary,Time-Varying,Yes
hct2_conditioning___9,treatment_event,Code,Binary,Time-Varying,Yes
hct2_conditioning___10,treatment_event,Code,Binary,Time-Varying,Yes
hct2_conditioning___11,treatment_event,Code,Binary,Time-Varying,Yes
hct2_conditioning___12,treatment_event,Code,Binary,Time-Varying,Yes
hct2_conditioning___13,treatment_event,Code,Binary,Time-Varying,Yes
hct2_conditioning___14,treatment_event,Code,Binary,Time-Varying,Yes
hct2_graft___1,treatment_event,Code,Binary,Time-Varying,Yes
hct2_graft___2,treatment_event,Code,Binary,Time-Varying,Yes
hct2_graft___3,treatment_event,Code,Binary,Time-Varying,Yes
hct2_graft___4,treatment_event,Code,Binary,Time-Varying,Yes
hct2_graft___5,treatment_event,Code,Binary,Time-Varying,Yes
hct2_graft___6,treatment_event,Code,Binary,Time-Varying,Yes
hct2_ucb1_match___1,treatment_event,Code,Binary,Time-Varying,Yes
hct2_ucb1_match___2,treatment_event,Code,Binary,Time-Varying,Yes
hct2_ucb1_match___3,treatment_event,Code,Binary,Time-Varying,Yes
hct2_ucb2_match_2___1,treatment_event,Code,Binary,Time-Varying,Yes
hct2_ucb2_match_2___2,treatment_event,Code,Binary,Time-Varying,Yes
hct2_ucb2_match_2___3,treatment_event,Code,Binary,Time-Varying,Yes
hct2_ucb2_match_2___4,treatment_event,Code,Binary,Time-Varying,Yes
w_treatment_other,treatment_event,Drop,Char,Time-Varying,No
w_palliative_other,treatment_event,Drop,Char,Time-Varying,No
bite_type,treatment_event,Drop,Char,Time-Varying,No
days_hct1_to_tx,treatment_event,Drop,Num,Time-Varying,No
days_index_relapse_to_tx,treatment_event,Drop,Num,Time-Varying,No
treatment_event_complete,treatment_event,Drop,Num,Time-Varying,No
date_gvhd,gvhd,Drop,Datetime,Static,No
w_sub_other_agvh_grade,gvhd,Drop,Char,Time-Varying,No
w_sub_agvh_organs___1,gvhd,Code,Binary,Time-Varying,Yes
w_sub_agvh_organs___2,gvhd,Code,Binary,Time-Varying,Yes
w_sub_agvh_organs___3,gvhd,Code,Binary,Time-Varying,Yes
w_sub_agvh_organs___4,gvhd,Code,Binary,Time-Varying,Yes
w_sub_agvh_organs___5,gvhd,Code,Binary,Time-Varying,Yes
w_sub_agvh_details,gvhd,Drop,Char,Time-Varying,No
w_sub_cgvh_organs___1,gvhd,Code,Binary,Time-Varying,Yes
w_sub_cgvh_organs___2,gvhd,Code,Binary,Time-Varying,Yes
w_sub_cgvh_organs___3,gvhd,Code,Binary,Time-Varying,Yes
w_sub_cgvh_organs___4,gvhd,Code,Binary,Time-Varying,Yes
w_sub_cgvh_organs___5,gvhd,Code,Binary,Time-Varying,Yes
w_sub_cgvh_organs___6,gvhd,Code,Binary,Time-Varying,Yes
w_sub_cgvh_organs___7,gvhd,Code,Binary,Time-Varying,Yes
w_sub_cgvh_organs___8,gvhd,Code,Binary,Time-Varying,Yes
w_sub_cgvh_organs___9,gvhd,Code,Binary,Time-Varying,Yes
w_sub_cgvh_details,gvhd,Drop,Char,Time-Varying,No
days_hct1_gvhd,gvhd,Drop,Num,Time-Varying,No
days_index_rel_to_gvhd,gvhd,Drop,Num,Time-Varying,No
gvhd_complete,gvhd,Drop,Num,Time-Varying,No
date_status,vital_status,Drop,Datetime,Static,No
w_status_dead,vital_status,Drop,Num,Static,No
w_status_alive,vital_status,Drop,Num,Static,No
w_sub_status_notes,vital_status,Drop,Char,Static,No
days_hct1_to_status,vital_status,Drop,Num,Static,No
days_index_rel_to_status,vital_status,Drop,Num,Static,No
vital_status_complete,vital_status,Drop,Num,Static,No
pre_glam,prehct1_treatment,Code,Binary,Static,Yes
pre_flag,prehct1_treatment,Code,Binary,Static,Yes
pre_clac,prehct1_treatment,Code,Binary,Static,Yes
arac_dose,prehct1_treatment,Drop,Num,Static,No
rx_other,prehct1_treatment,Drop,Char,Static,No
rx_induc_morph,prehct1_treatment,Drop,Num,Static,No
rx_induc_mrd,prehct1_treatment,Drop,Num,Static,No
rx_consol,prehct1_treatment,Drop,Num,Static,No
rx_hypometh,prehct1_treatment,Drop,Num,Static,No
rx_cns_comments,prehct1_treatment,Drop,Char,Static,No
rx_gs_com,prehct1_treatment,Drop,Char,Static,No
rx_lc_com,prehct1_treatment,Drop,Char,Static,No
rx_com,prehct1_treatment,Drop,Char,Static,No
rx_md,prehct1_treatment,Drop,Char,Static,No
rx_dcmd,prehct1_treatment,Drop,Char,Static,No
prehct1_treatment_complete,prehct1_treatment,Drop,Num,Static,No
graft_rej,graft_rejection,Code,Binary,Static,Yes
rej_date,graft_rejection,Drop,Datetime,Static,No
chim3_dnr1,graft_rejection,Drop,Num,Static,No
chim33_dnr1,graft_rejection,Drop,Num,Static,No
chim3_dnr2,graft_rejection,Drop,Num,Static,No
chim33_dnr2,graft_rejection,Drop,Num,Static,No
chim3_dnr3,graft_rejection,Drop,Num,Static,No
chim33_dnr3,graft_rejection,Drop,Num,Static,No
chim3_dnr4,graft_rejection,Drop,Num,Static,No
chim33_dnr4,graft_rejection,Drop,Num,Static,No
chim_com,graft_rejection,Drop,Char,Static,No
hct1_to_rej,graft_rejection,Drop,Char,Static,No
rel_to_rej,graft_rejection,Drop,Char,Static,No
graft_rejection_complete,graft_rejection,Drop,Num,Static,No
date_isp_action,immunosuppression_kinetics,Drop,Datetime,Static,No
w_isp_notes,immunosuppression_kinetics,Drop,Char,Time-Varying,No
days_hct1_to_ispact,immunosuppression_kinetics,Drop,Char,Static,No
days_index_rel_to_ispact,immunosuppression_kinetics,Drop,Char,Static,No
immunosuppression_kinetics_complete,immunosuppression_kinetics,Drop,Num,Static,No
uwid,patient_id,Drop,Char,Static,No
hct1_date_manual,patient_id,Drop,Datetime,Static,No
al_origin___1,patient_id,Code,Binary,Static,Yes
al_origin___2,patient_id,Code,Binary,Static,Yes
al_origin___3,patient_id,Code,Binary,Static,Yes
hct1_stage___1,patient_id,Code,Binary,Static,Yes
hct1_stage___2,patient_id,Code,Binary,Static,Yes
hct1_stage___3,patient_id,Code,Binary,Static,Yes
hct1_stage___4,patient_id,Code,Binary,Static,Yes
hct1_stage___5,patient_id,Code,Binary,Static,Yes
hct1_stage___6,patient_id,Code,Binary,Static,Yes
hct1_stage___7,patient_id,Code,Binary,Static,Yes
hct1_stage___8,patient_id,Code,Binary,Static,Yes
hct1_stage___9,patient_id,Code,Binary,Static,Yes
hct1_stage___10,patient_id,Code,Binary,Static,Yes
hct1_stage___11,patient_id,Code,Binary,Static,Yes
hct1_mrd___1,patient_id,Code,Binary,Static,Yes
hct1_mrd___2,patient_id,Code,Binary,Static,Yes
hct1_mrd___3,patient_id,Code,Binary,Static,Yes
hct1_mrd___4,patient_id,Code,Binary,Static,Yes
hct1_mrd___5,patient_id,Code,Binary,Static,Yes
hct1_mrd___6,patient_id,Code,Binary,Static,Yes
hct1_mrd_other,patient_id,Drop,Char,Static,No
genetic_bipheno,patient_id,Drop,Char,Static,No
relapse_date_manual,patient_id,Drop,Datetime,Static,No
relapse_lineage,patient_id,Code,Binary,Static,Yes
relapse_index_bmblasts,patient_id,Drop,Num,Static,No
relapse_index_pbblasts,patient_id,Drop,Num,Static,No
karyo_actual,patient_id,Drop,Char,Static,No
relapse_mutations___1,patient_id,Code,Binary,Static,Yes
relapse_mutations___2,patient_id,Code,Binary,Static,Yes
relapse_mutations___3,patient_id,Code,Binary,Static,Yes
relapse_mutations___4,patient_id,Code,Binary,Static,Yes
relapse_mutations___5,patient_id,Code,Binary,Static,Yes
relapse_mutations___6,patient_id,Code,Binary,Static,Yes
relapse_mutations___7,patient_id,Code,Binary,Static,Yes
relapse_mutations___8,patient_id,Code,Binary,Static,Yes
relapse_mutations___9,patient_id,Code,Binary,Static,Yes
relapse_mutations___10,patient_id,Code,Binary,Static,Yes
relapse_mutations___11,patient_id,Code,Binary,Static,Yes
relapse_mutations___12,patient_id,Code,Binary,Static,Yes
relapse_mutations___13,patient_id,Code,Binary,Static,Yes
relapse_mutations___14,patient_id,Code,Binary,Static,Yes
relapse_mutations___15,patient_id,Code,Binary,Static,Yes
relapse_mutations___16,patient_id,Code,Binary,Static,Yes
relapse_mutations___17,patient_id,Code,Binary,Static,Yes
relapse_mutations___18,patient_id,Code,Binary,Static,Yes
relapse_mutations___19,patient_id,Code,Binary,Static,Yes
relapse_mutations___20,patient_id,Code,Binary,Static,Yes
relapse_mutations___21,patient_id,Code,Binary,Static,Yes
notes,patient_id,Drop,Char,Static,No
data_entry,patient_id,Drop,Char,Static,No
data_check,patient_id,Drop,Char,Static,No
patient_id_complete,patient_id,Drop,Num,Static,No
rel_proph___1,primary_prophylaxis_against_relapse,Code,Binary,Static,Yes
rel_proph___2,primary_prophylaxis_against_relapse,Code,Binary,Static,Yes
rel_proph___3,primary_prophylaxis_against_relapse,Code,Binary,Static,Yes
rel_proph___4,primary_prophylaxis_against_relapse,Code,Binary,Static,Yes
rel_proph___5,primary_prophylaxis_against_relapse,Code,Binary,Static,Yes
rel_proph___6,primary_prophylaxis_against_relapse,Code,Binary,Static,Yes
rel_proph___7,primary_prophylaxis_against_relapse,Code,Binary,Static,Yes
rel_proph___8,primary_prophylaxis_against_relapse,Code,Binary,Static,Yes
rel_proph___9,primary_prophylaxis_against_relapse,Code,Binary,Static,Yes
proph_specify,primary_prophylaxis_against_relapse,Drop,Char,Static,No
p_dli_spec,primary_prophylaxis_against_relapse,Drop,Char,Static,No
p_sub_dli_date_1,primary_prophylaxis_against_relapse,Drop,Datetime,Static,No
p_sub_dli_dose_1,primary_prophylaxis_against_relapse,Drop,Num,Static,No
p_dli_dose_log_1,primary_prophylaxis_against_relapse,Drop,Num,Static,No
p_sub_dli_unit_1,primary_prophylaxis_against_relapse,Drop,Num,Static,No
p_dli_component_1,primary_prophylaxis_against_relapse,Drop,Char,Static,No
p_dli_paired_cytokine_1,primary_prophylaxis_against_relapse,Code,Binary,Static,Yes
p_dli_paired_hypometh_1,primary_prophylaxis_against_relapse,Code,Binary,Static,Yes
p_dli_comments_1,primary_prophylaxis_against_relapse,Drop,Char,Static,No
p_sub_dli_date_2,primary_prophylaxis_against_relapse,Drop,Datetime,Static,No
p_sub_dli_dose_2,primary_prophylaxis_against_relapse,Drop,Num,Static,No
p_dli_dose_log_2,primary_prophylaxis_against_relapse,Drop,Num,Static,No
p_sub_dli_unit_2,primary_prophylaxis_against_relapse,Drop,Num,Static,No
p_dli_component_2,primary_prophylaxis_against_relapse,Drop,Char,Static,No
p_dli_paired_cytokine_2,primary_prophylaxis_against_relapse,Code,Binary,Static,Yes
p_dli_paired_hypometh_2,primary_prophylaxis_against_relapse,Code,Binary,Static,Yes
p_dli_comments_2,primary_prophylaxis_against_relapse,Drop,Char,Static,No
p_sub_dli_date_3,primary_prophylaxis_against_relapse,Drop,Datetime,Static,No
p_sub_dli_dose_3,primary_prophylaxis_against_relapse,Drop,Num,Static,No
p_dli_dose_log_3,primary_prophylaxis_against_relapse,Drop,Num,Static,No
p_sub_dli_unit_3,primary_prophylaxis_against_relapse,Drop,Num,Static,No
p_dli_component_3,primary_prophylaxis_against_relapse,Drop,Char,Static,No
p_dli_paired_cytokine_3,primary_prophylaxis_against_relapse,Code,Binary,Static,Yes
p_dli_paired_hypometh_3,primary_prophylaxis_against_relapse,Code,Binary,Static,Yes
p_dli_comments_3,primary_prophylaxis_against_relapse,Drop,Char,Static,No
p_sub_dli_date_4,primary_prophylaxis_against_relapse,Drop,Datetime,Static,No
p_sub_dli_dose_4,primary_prophylaxis_against_relapse,Drop,Num,Static,No
p_dli_dose_log_4,primary_prophylaxis_against_relapse,Drop,Num,Static,No
p_sub_dli_unit_4,primary_prophylaxis_against_relapse,Drop,Num,Static,No
p_dli_component_4,primary_prophylaxis_against_relapse,Drop,Char,Static,No
p_dli_paired_cytokine_4,primary_prophylaxis_against_relapse,Code,Binary,Static,Yes
p_dli_paired_hypometh_4,primary_prophylaxis_against_relapse,Code,Binary,Static,Yes
p_dli_comments_4,primary_prophylaxis_against_relapse,Drop,Char,Static,No
p_sub_dli_date_5,primary_prophylaxis_against_relapse,Drop,Datetime,Static,No
p_sub_dli_dose_5,primary_prophylaxis_against_relapse,Drop,Num,Static,No
p_dli_dose_log_5,primary_prophylaxis_against_relapse,Drop,Num,Static,No
p_sub_dli_unit_5,primary_prophylaxis_against_relapse,Drop,Num,Static,No
p_dli_component_5,primary_prophylaxis_against_relapse,Drop,Char,Static,No
p_dli_paired_cytokine_5,primary_prophylaxis_against_relapse,Code,Binary,Static,Yes
p_dli_paired_hypometh_5,primary_prophylaxis_against_relapse,Code,Binary,Static,Yes
p_dli_comments_5,primary_prophylaxis_against_relapse,Drop,Char,Static,No
p_sub_dli_date_6,primary_prophylaxis_against_relapse,Drop,Datetime,Static,No
p_sub_dli_dose_6,primary_prophylaxis_against_relapse,Drop,Num,Static,No
p_dli_dose_log_6,primary_prophylaxis_against_relapse,Drop,Num,Static,No
p_sub_dli_unit_6,primary_prophylaxis_against_relapse,Drop,Num,Static,No
p_dli_component_6,primary_prophylaxis_against_relapse,Drop,Char,Static,No
p_dli_paired_cytokine_6,primary_prophylaxis_against_relapse,Code,Binary,Static,Yes
p_dli_paired_hypometh_6,primary_prophylaxis_against_relapse,Code,Binary,Static,Yes
p_dli_comments_6,primary_prophylaxis_against_relapse,Drop,Char,Static,No
p_sub_dli_date_7,primary_prophylaxis_against_relapse,Drop,Datetime,Static,No
p_sub_dli_dose_7,primary_prophylaxis_against_relapse,Drop,Num,Static,No
p_dli_dose_log_7,primary_prophylaxis_against_relapse,Drop,Num,Static,No
p_sub_dli_unit_7,primary_prophylaxis_against_relapse,Drop,Num,Static,No
p_dli_component_7,primary_prophylaxis_against_relapse,Drop,Char,Static,No
p_dli_paired_cytokine_7,primary_prophylaxis_against_relapse,Code,Binary,Static,Yes
p_dli_paired_hypometh_7,primary_prophylaxis_against_relapse,Code,Binary,Static,Yes
p_dli_comments_7,primary_prophylaxis_against_relapse,Drop,Char,Static,No
p_drug_num,primary_prophylaxis_against_relapse,Drop,Num,Static,No
p_drug_name_1,primary_prophylaxis_against_relapse,Drop,Char,Static,No
p_drug_dose_1,primary_prophylaxis_against_relapse,Drop,Num,Static,No
p_drug_dose_unit_1,primary_prophylaxis_against_relapse,Drop,Num,Static,No
p_drug_freq_1,primary_prophylaxis_against_relapse,Drop,Num,Static,No
p_drug_date_start_1,primary_prophylaxis_against_relapse,Drop,Datetime,Static,No
p_drug_date_stop_1,primary_prophylaxis_against_relapse,Drop,Datetime,Static,No
p_drug_cycles_num_1,primary_prophylaxis_against_relapse,Drop,Num,Static,No
p_drug_comments_1,primary_prophylaxis_against_relapse,Drop,Char,Static,No
p_drug_name_2,primary_prophylaxis_against_relapse,Drop,Char,Static,No
p_drug_dose_2,primary_prophylaxis_against_relapse,Drop,Num,Static,No
p_drug_dose_unit_2,primary_prophylaxis_against_relapse,Drop,Num,Static,No
p_drug_freq_2,primary_prophylaxis_against_relapse,Drop,Num,Static,No
p_drug_date_start_2,primary_prophylaxis_against_relapse,Drop,Datetime,Static,No
p_drug_date_stop_2,primary_prophylaxis_against_relapse,Drop,Datetime,Static,No
p_drug_cycles_num_2,primary_prophylaxis_against_relapse,Drop,Num,Static,No
p_drug_comments_2,primary_prophylaxis_against_relapse,Drop,Char,Static,No
p_drug_name_3,primary_prophylaxis_against_relapse,Drop,Char,Static,No
p_drug_dose_3,primary_prophylaxis_against_relapse,Drop,Num,Static,No
p_drug_dose_unit_3,primary_prophylaxis_against_relapse,Drop,Num,Static,No
p_drug_freq_3,primary_prophylaxis_against_relapse,Drop,Num,Static,No
p_drug_date_start_3,primary_prophylaxis_against_relapse,Drop,Datetime,Static,No
p_drug_date_stop_3,primary_prophylaxis_against_relapse,Drop,Datetime,Static,No
p_drug_cycles_num_3,primary_prophylaxis_against_relapse,Drop,Num,Static,No
p_drug_comments_3,primary_prophylaxis_against_relapse,Drop,Char,Static,No
p_drug_name_4,primary_prophylaxis_against_relapse,Drop,Char,Static,No
p_drug_dose_4,primary_prophylaxis_against_relapse,Drop,Num,Static,No
p_drug_dose_unit_4,primary_prophylaxis_against_relapse,Drop,Num,Static,No
p_drug_freq_4,primary_prophylaxis_against_relapse,Drop,Num,Static,No
p_drug_date_start_4,primary_prophylaxis_against_relapse,Drop,Datetime,Static,No
p_drug_date_stop_4,primary_prophylaxis_against_relapse,Drop,Datetime,Static,No
p_drug_cycles_num_4,primary_prophylaxis_against_relapse,Drop,Num,Static,No
p_drug_comments_4,primary_prophylaxis_against_relapse,Drop,Char,Static,No
p_drug_name_5,primary_prophylaxis_against_relapse,Drop,Char,Static,No
p_drug_dose_5,primary_prophylaxis_against_relapse,Drop,Num,Static,No
p_drug_dose_unit_5,primary_prophylaxis_against_relapse,Drop,Num,Static,No
p_drug_freq_5,primary_prophylaxis_against_relapse,Drop,Num,Static,No
p_drug_date_start_5,primary_prophylaxis_against_relapse,Drop,Datetime,Static,No
p_drug_date_stop_5,primary_prophylaxis_against_relapse,Drop,Datetime,Static,No
p_drug_cycles_num_5,primary_prophylaxis_against_relapse,Drop,Num,Static,No
p_drug_comments_5,primary_prophylaxis_against_relapse,Drop,Char,Static,No
p_drug_name_6,primary_prophylaxis_against_relapse,Drop,Char,Static,No
p_drug_dose_6,primary_prophylaxis_against_relapse,Drop,Num,Static,No
p_drug_dose_unit_6,primary_prophylaxis_against_relapse,Drop,Num,Static,No
p_drug_freq_6,primary_prophylaxis_against_relapse,Drop,Num,Static,No
p_drug_date_start_6,primary_prophylaxis_against_relapse,Drop,Datetime,Static,No
p_drug_date_stop_6,primary_prophylaxis_against_relapse,Drop,Datetime,Static,No
p_drug_cycles_num_6,primary_prophylaxis_against_relapse,Drop,Num,Static,No
p_drug_comments_6,primary_prophylaxis_against_relapse,Drop,Char,Static,No
p_drug_name_7,primary_prophylaxis_against_relapse,Drop,Char,Static,No
p_drug_dose_7,primary_prophylaxis_against_relapse,Drop,Num,Static,No
p_drug_dose_unit_7,primary_prophylaxis_against_relapse,Drop,Num,Static,No
p_drug_freq_7,primary_prophylaxis_against_relapse,Drop,Num,Static,No
p_drug_date_start_7,primary_prophylaxis_against_relapse,Drop,Datetime,Static,No
p_drug_date_stop_7,primary_prophylaxis_against_relapse,Drop,Datetime,Static,No
p_drug_cycles_num_7,primary_prophylaxis_against_relapse,Drop,Num,Static,No
p_drug_comments_7,primary_prophylaxis_against_relapse,Drop,Char,Static,No
p_drug_name_8,primary_prophylaxis_against_relapse,Drop,Char,Static,No
p_drug_dose_8,primary_prophylaxis_against_relapse,Drop,Num,Static,No
p_drug_dose_unit_8,primary_prophylaxis_against_relapse,Drop,Num,Static,No
p_drug_freq_8,primary_prophylaxis_against_relapse,Drop,Num,Static,No
p_drug_date_start_8,primary_prophylaxis_against_relapse,Drop,Datetime,Static,No
p_drug_date_stop_8,primary_prophylaxis_against_relapse,Drop,Datetime,Static,No
p_drug_cycles_num_8,primary_prophylaxis_against_relapse,Drop,Num,Static,No
p_drug_comments_8,primary_prophylaxis_against_relapse,Drop,Char,Static,No
proph_date_stop,primary_prophylaxis_against_relapse,Drop,Datetime,Static,No
proph_comments,primary_prophylaxis_against_relapse,Drop,Char,Static,No
primary_prophylaxis_against_relapse_complete,primary_prophylaxis_against_relapse,Drop,Num,Static,No
rx_indication_1,treatment_event,Code,Binary,Time-Varying,Manual
rx_indication_2,treatment_event,Code,Binary,Time-Varying,Manual
rx_indication_3,treatment_event,Code,Binary,Time-Varying,Manual
rx_indication_4,treatment_event,Code,Binary,Time-Varying,Manual
rx_indication_5,treatment_event,Code,Binary,Time-Varying,Manual
rx_indication_6,treatment_event,Code,Binary,Time-Varying,Manual
rx_indication_7,treatment_event,Code,Binary,Time-Varying,Manual
rx_indication_8,treatment_event,Code,Binary,Time-Varying,Manual
rx_indication_9,treatment_event,Drop,Binary,Time-Varying,Manual
w_treatment_induction_1,treatment_event,Code,Binary,Time-Varying,Manual
w_treatment_induction_2,treatment_event,Code,Binary,Time-Varying,Manual
w_treatment_induction_3,treatment_event,Code,Binary,Time-Varying,Manual
w_treatment_induction_4,treatment_event,Code,Binary,Time-Varying,Manual
w_treatment_induction_5,treatment_event,Code,Binary,Time-Varying,Manual
w_treatment_induction_6,treatment_event,Code,Binary,Time-Varying,Manual
w_treatment_induction_7,treatment_event,Code,Binary,Time-Varying,Manual
w_treatment_induction_8,treatment_event,Code,Binary,Time-Varying,Manual
w_treatment_induction_9,treatment_event,Code,Binary,Time-Varying,Manual
w_treatment_induction_10,treatment_event,Code,Binary,Time-Varying,Manual
w_treatment_induction_11,treatment_event,Code,Binary,Time-Varying,Manual
w_treatment_induction_12,treatment_event,Code,Binary,Time-Varying,Manual
w_treatment_induction_13,treatment_event,Code,Binary,Time-Varying,Manual
w_treatment_induction_14,treatment_event,Drop,Binary,Time-Varying,Manual
w_treatment_induction_15,treatment_event,Code,Binary,Time-Varying,Manual
w_treatment_consolidation_1,treatment_event,Code,Binary,Time-Varying,Manual
w_treatment_consolidation_2,treatment_event,Code,Binary,Time-Varying,Manual
w_treatment_consolidation_3,treatment_event,Code,Binary,Time-Varying,Manual
w_treatment_consolidation_4,treatment_event,Code,Binary,Time-Varying,Manual
w_treatment_consolidation_5,treatment_event,Code,Binary,Time-Varying,Manual
w_treatment_consolidation_6,treatment_event,Code,Binary,Time-Varying,Manual
w_treatment_consolidation_7,treatment_event,Code,Binary,Time-Varying,Manual
w_treatment_consolidation_8,treatment_event,Code,Binary,Time-Varying,Manual
w_treatment_consolidation_9,treatment_event,Drop,Binary,Time-Varying,Manual
w_treatment_cytokine_1,treatment_event,Code,Binary,Time-Varying,Manual
w_treatment_cytokine_2,treatment_event,Code,Binary,Time-Varying,Manual
w_treatment_cytokine_3,treatment_event,Drop,Binary,Time-Varying,Manual
w_treatment_dli_1,treatment_event,Code,Binary,Time-Varying,Manual
w_treatment_dli_2,treatment_event,Code,Binary,Time-Varying,Manual
w_treatment_dli_3,treatment_event,Code,Binary,Time-Varying,Manual
w_treatment_dli_4,treatment_event,Code,Binary,Time-Varying,Manual
w_treatment_dli_5,treatment_event,Code,Binary,Time-Varying,Manual
w_treatment_dli_6,treatment_event,Drop,Binary,Time-Varying,Manual
w_treatment_dli_7,treatment_event,Code,Binary,Time-Varying,Manual
w_sub_hct_intensity_1,treatment_event,Code,Binary,Time-Varying,Manual
w_sub_hct_intensity_2,treatment_event,Code,Binary,Time-Varying,Manual
w_sub_hct_donor_1,treatment_event,Code,Binary,Time-Varying,Manual
w_sub_hct_donor_2,treatment_event,Code,Binary,Time-Varying,Manual
hct2_relation_1,treatment_event,Code,Binary,Static,Manual
hct2_relation_2,treatment_event,Code,Binary,Static,Manual
hct2_relation_3,treatment_event,Code,Binary,Static,Manual
hct2_relation_4,treatment_event,Code,Binary,Static,Manual
hct2_match_1,treatment_event,Code,Binary,Static,Manual
hct2_match_2,treatment_event,Code,Binary,Static,Manual
hct2_match_3,treatment_event,Code,Binary,Static,Manual
hct2_match_4,treatment_event,Drop,Binary,Static,Manual
e_gvhd_1,gvhd,Code,Binary,Time-Varying,Manual
e_gvhd_2,gvhd,Code,Binary,Time-Varying,Manual
w_sub_agvh_grade_1,gvhd,Code,Binary,Time-Varying,Manual
w_sub_agvh_grade_2,gvhd,Code,Binary,Time-Varying,Manual
w_sub_agvh_grade_3,gvhd,Code,Binary,Time-Varying,Manual
w_sub_agvh_grade_4,gvhd,Drop,Binary,Time-Varying,Manual
w_sub_cgvh_severity_1,gvhd,Code,Binary,Time-Varying,Manual
w_sub_cgvh_severity_2,gvhd,Code,Binary,Time-Varying,Manual
w_sub_cgvh_severity_3,gvhd,Code,Binary,Time-Varying,Manual
w_sub_cgvh_severity_4,gvhd,Drop,Binary,Time-Varying,Manual
e_status_1,vital_status,Code,Binary,Static,Manual
e_status_2,vital_status,Code,Binary,Static,Manual
rx_type_1,prehct1_treatment,Code,Binary,Static,Manual
rx_type_2,prehct1_treatment,Code,Binary,Static,Manual
rx_type_3,prehct1_treatment,Code,Binary,Static,Manual
rx_type_4,prehct1_treatment,Drop,Binary,Static,Manual
rx_hypometh_type_1,prehct1_treatment,Code,Binary,Static,Manual
rx_hypometh_type_2,prehct1_treatment,Code,Binary,Static,Manual
rx_hypometh_type_3,prehct1_treatment,Code,Binary,Static,Manual
rx_hypometh_type_4,prehct1_treatment,Drop,Binary,Static,Manual
rx_hypometh_type_5,prehct1_treatment,Drop,Binary,Static,Manual
cns_1,prehct1_treatment,Code,Binary,Static,Manual
cns_2,prehct1_treatment,Code,Binary,Static,Manual
cns_3,prehct1_treatment,Drop,Binary,Static,Manual
rx_cns_1,prehct1_treatment,Code,Binary,Static,Manual
rx_cns_2,prehct1_treatment,Code,Binary,Static,Manual
rx_cns_3,prehct1_treatment,Code,Binary,Static,Manual
rx_cns_4,prehct1_treatment,Drop,Binary,Static,Manual
rx_cns_5,prehct1_treatment,Drop,Binary,Static,Manual
gs_1,prehct1_treatment,Code,Binary,Static,Manual
gs_2,prehct1_treatment,Code,Binary,Static,Manual
gs_3,prehct1_treatment,Drop,Binary,Static,Manual
rx_cns_clear_1,prehct1_treatment,Code,Binary,Static,Manual
rx_cns_clear_2,prehct1_treatment,Code,Binary,Static,Manual
rx_cns_clear_3,prehct1_treatment,Drop,Binary,Static,Manual
rx_gs_1,prehct1_treatment,Code,Binary,Static,Manual
rx_gs_2,prehct1_treatment,Code,Binary,Static,Manual
rx_gs_3,prehct1_treatment,Code,Binary,Static,Manual
rx_gs_4,prehct1_treatment,Drop,Binary,Static,Manual
rx_gs_5,prehct1_treatment,Drop,Binary,Static,Manual
lc_1,prehct1_treatment,Code,Binary,Static,Manual
lc_2,prehct1_treatment,Code,Binary,Static,Manual
lc_3,prehct1_treatment,Drop,Binary,Static,Manual
rx_lc_1,prehct1_treatment,Code,Binary,Static,Manual
rx_lc_2,prehct1_treatment,Code,Binary,Static,Manual
rx_lc_3,prehct1_treatment,Code,Binary,Static,Manual
rx_lc_4,prehct1_treatment,Drop,Binary,Static,Manual
rx_lc_clear_1,prehct1_treatment,Code,Binary,Static,Manual
rx_lc_clear_2,prehct1_treatment,Code,Binary,Static,Manual
rx_lc_clear_3,prehct1_treatment,Drop,Binary,Static,Manual
hct_amlcr_1,prehct1_treatment,Code,Binary,Static,Manual
hct_amlcr_2,prehct1_treatment,Code,Binary,Static,Manual
hct_amlcr_3,prehct1_treatment,Drop,Binary,Static,Manual
hct_mdsmorph_1,prehct1_treatment,Code,Binary,Static,Manual
hct_mdsmorph_2,prehct1_treatment,Code,Binary,Static,Manual
hct_mdsmorph_3,prehct1_treatment,Drop,Binary,Static,Manual
chim_mark_1,graft_rejection,Drop,Binary,Static,Manual
chim_mark_2,graft_rejection,Drop,Binary,Static,Manual
chim_mark_3,graft_rejection,Code,Binary,Static,Manual
chim_mark_4,graft_rejection,Code,Binary,Static,Manual
e_isp_1,immunosuppression_kinetics,Code,Binary,Static,Manual
e_isp_2,immunosuppression_kinetics,Code,Binary,Static,Manual
e_isp_3,immunosuppression_kinetics,Code,Binary,Static,Manual
w_isp_stop_1,immunosuppression_kinetics,Code,Binary,Static,Manual
w_isp_stop_2,immunosuppression_kinetics,Code,Binary,Static,Manual
hct1_dx_1,patient_id,Code,Binary,Static,Manual
hct1_dx_2,patient_id,Code,Binary,Static,Manual
hct1_dx_3,patient_id,Code,Binary,Static,Manual
hct1_dx_4,patient_id,Code,Binary,Static,Manual
hct1_dx_5,patient_id,Code,Binary,Static,Manual
hct1_dx_6,patient_id,Code,Binary,Static,Manual
hct1_dx_7,patient_id,Code,Binary,Static,Manual
hct1_eln_1,patient_id,Code,Binary,Static,Manual
hct1_eln_2,patient_id,Code,Binary,Static,Manual
hct1_eln_3,patient_id,Code,Binary,Static,Manual
karyo_eln,patient_id,Drop,Char,Static,Manual
karyo_eln_1,patient_id,Drop,Binary,Static,Manual
karyo_eln_2,patient_id,Drop,Binary,Static,Manual
karyo_eln_3,patient_id,Drop,Binary,Static,Manual
karyo_eln_4,patient_id,Drop,Binary,Static,Manual
karyo_eln_5,patient_id,Drop,Binary,Static,Manual
karyo_eln_6,patient_id,Drop,Binary,Static,Manual
eln_final_index_relapse_1,patient_id,Code,Binary,Static,Manual
eln_final_index_relapse_2,patient_id,Code,Binary,Static,Manual
eln_final_index_relapse_3,patient_id,Code,Binary,Static,Manual
eln_final_index_relapse_4,patient_id,Drop,Binary,Static,Manual
eln_final_index_relapse_5,patient_id,Drop,Binary,Static,Manual
eln_final_index_relapse_6,patient_id,Code,Binary,Static,Manual
proph_tki_1,primary_prophylaxis_against_relapse,Code,Binary,Static,Manual
proph_tki_2,primary_prophylaxis_against_relapse,Code,Binary,Static,Manual
proph_tki_3,primary_prophylaxis_against_relapse,Code,Binary,Static,Manual
proph_tki_4,primary_prophylaxis_against_relapse,Code,Binary,Static,Manual
proph_tki_5,primary_prophylaxis_against_relapse,Code,Binary,Static,Manual
proph_tki_6,primary_prophylaxis_against_relapse,Code,Binary,Static,Manual
proph_tki_7,primary_prophylaxis_against_relapse,Code,Binary,Static,Manual
proph_tki_8,primary_prophylaxis_against_relapse,Code,Binary,Static,Manual
proph_tki_9,primary_prophylaxis_against_relapse,Code,Binary,Static,Manual
proph_tki_10,primary_prophylaxis_against_relapse,Code,Binary,Static,Manual
proph_tki_11,primary_prophylaxis_against_relapse,Code,Binary,Static,Manual
proph_tki_12,primary_prophylaxis_against_relapse,Code,Binary,Static,Manual
proph_tki_13,primary_prophylaxis_against_relapse,Code,Binary,Static,Manual
proph_tki_14,primary_prophylaxis_against_relapse,Code,Binary,Static,Manual
proph_tki_15,primary_prophylaxis_against_relapse,Code,Binary,Static,Manual
proph_tki_16,primary_prophylaxis_against_relapse,Code,Binary,Static,Manual
proph_tki_17,primary_prophylaxis_against_relapse,Code,Binary,Static,Manual
proph_tki_18,primary_prophylaxis_against_relapse,Drop,Binary,Static,Manual
proph_hypometh_1,primary_prophylaxis_against_relapse,Code,Binary,Static,Manual
proph_hypometh_2,primary_prophylaxis_against_relapse,Code,Binary,Static,Manual
proph_hypometh_3,primary_prophylaxis_against_relapse,Code,Binary,Static,Manual
proph_hypometh_4,primary_prophylaxis_against_relapse,Drop,Binary,Static,Manual
proph_cytokine_1,primary_prophylaxis_against_relapse,Code,Binary,Static,Manual
proph_cytokine_2,primary_prophylaxis_against_relapse,Code,Binary,Static,Manual
proph_cytokine_3,primary_prophylaxis_against_relapse,Code,Binary,Static,Manual
proph_cytokine_4,primary_prophylaxis_against_relapse,Code,Binary,Static,Manual
proph_cytokine_5,primary_prophylaxis_against_relapse,Drop,Binary,Static,Manual
proph_flav_1,primary_prophylaxis_against_relapse,Code,Binary,Static,Manual
proph_flav_2,primary_prophylaxis_against_relapse,Drop,Binary,Static,Manual
proph_dli_1,primary_prophylaxis_against_relapse,Code,Binary,Static,Manual
proph_dli_2,primary_prophylaxis_against_relapse,Code,Binary,Static,Manual
proph_dli_3,primary_prophylaxis_against_relapse,Code,Binary,Static,Manual
proph_dli_4,primary_prophylaxis_against_relapse,Code,Binary,Static,Manual
proph_dli_5,primary_prophylaxis_against_relapse,Code,Binary,Static,Manual
proph_dli_6,primary_prophylaxis_against_relapse,Code,Binary,Static,Manual
proph_dli_7,primary_prophylaxis_against_relapse,Code,Binary,Static,Manual
proph_dli_8,primary_prophylaxis_against_relapse,Code,Binary,Static,Manual
proph_dli_9,primary_prophylaxis_against_relapse,Code,Binary,Static,Manual
proph_dli_10,primary_prophylaxis_against_relapse,Code,Binary,Static,Manual
proph_dli_11,primary_prophylaxis_against_relapse,Drop,Binary,Static,Manual
p_dli_infusions_1,primary_prophylaxis_against_relapse,Code,Binary,Static,Manual
p_dli_infusions_2,primary_prophylaxis_against_relapse,Code,Binary,Static,Manual
p_dli_infusions_3,primary_prophylaxis_against_relapse,Code,Binary,Static,Manual
p_dli_infusions_4,primary_prophylaxis_against_relapse,Code,Binary,Static,Manual
p_dli_infusions_5,primary_prophylaxis_against_relapse,Code,Binary,Static,Manual
p_dli_infusions_6,primary_prophylaxis_against_relapse,Code,Binary,Static,Manual
p_dli_infusions_7,primary_prophylaxis_against_relapse,Code,Binary,Static,Manual
p_dli_infusions_8,primary_prophylaxis_against_relapse,Drop,Binary,Static,Manual
p_drug_cycle_1_0,primary_prophylaxis_against_relapse,Drop,Binary,Static,Manual
p_drug_cycle_1_1,primary_prophylaxis_against_relapse,Code,Binary,Static,Manual
p_drug_cycle_1_2,primary_prophylaxis_against_relapse,Code,Binary,Static,Manual
p_drug_cycle_1_3,primary_prophylaxis_against_relapse,Code,Binary,Static,Manual
p_drug_cycle_1_4,primary_prophylaxis_against_relapse,Drop,Binary,Static,Manual
p_drug_cycle_1_5,primary_prophylaxis_against_relapse,Drop,Binary,Static,Manual
p_drug_route_1_1,primary_prophylaxis_against_relapse,Code,Binary,Static,Manual
p_drug_route_1_2,primary_prophylaxis_against_relapse,Code,Binary,Static,Manual
p_drug_route_1_3,primary_prophylaxis_against_relapse,Code,Binary,Static,Manual
p_drug_route_1_4,primary_prophylaxis_against_relapse,Code,Binary,Static,Manual
p_drug_route_1_5,primary_prophylaxis_against_relapse,Drop,Binary,Static,Manual
p_drug_route_1_6,primary_prophylaxis_against_relapse,Drop,Binary,Static,Manual
p_drug_stop_change_1_0,primary_prophylaxis_against_relapse,Code,Binary,Static,Manual
p_drug_stop_change_1_1,primary_prophylaxis_against_relapse,Code,Binary,Static,Manual
p_drug_stop_change_1_2,primary_prophylaxis_against_relapse,Code,Binary,Static,Manual
p_drug_stop_change_1_3,primary_prophylaxis_against_relapse,Drop,Binary,Static,Manual
proph_stop_reason1_1_1,primary_prophylaxis_against_relapse,Code,Binary,Static,Manual
proph_stop_reason1_1_2,primary_prophylaxis_against_relapse,Code,Binary,Static,Manual
proph_stop_reason1_1_3,primary_prophylaxis_against_relapse,Code,Binary,Static,Manual
proph_stop_reason1_1_4,primary_prophylaxis_against_relapse,Code,Binary,Static,Manual
proph_stop_reason1_1_5,primary_prophylaxis_against_relapse,Code,Binary,Static,Manual
proph_stop_reason1_1_6,primary_prophylaxis_against_relapse,Code,Binary,Static,Manual
proph_stop_reason1_1_7,primary_prophylaxis_against_relapse,Code,Binary,Static,Manual
proph_stop_reason1_1_8,primary_prophylaxis_against_relapse,Code,Binary,Static,Manual
proph_stop_reason1_1_9,primary_prophylaxis_against_relapse,Code,Binary,Static,Manual
proph_stop_reason1_1_10,primary_prophylaxis_against_relapse,Code,Binary,Static,Manual
proph_stop_reason1_1_11,primary_prophylaxis_against_relapse,Drop,Binary,Static,Manual
proph_stop_reason2_1_1,primary_prophylaxis_against_relapse,Code,Binary,Static,Manual
proph_stop_reason2_1_2,primary_prophylaxis_against_relapse,Code,Binary,Static,Manual
proph_stop_reason2_1_3,primary_prophylaxis_against_relapse,Code,Binary,Static,Manual
proph_stop_reason2_1_4,primary_prophylaxis_against_relapse,Code,Binary,Static,Manual
proph_stop_reason2_1_5,primary_prophylaxis_against_relapse,Code,Binary,Static,Manual
proph_stop_reason2_1_6,primary_prophylaxis_against_relapse,Code,Binary,Static,Manual
proph_stop_reason2_1_7,primary_prophylaxis_against_relapse,Code,Binary,Static,Manual
proph_stop_reason2_1_8,primary_prophylaxis_against_relapse,Code,Binary,Static,Manual
proph_stop_reason2_1_9,primary_prophylaxis_against_relapse,Code,Binary,Static,Manual
proph_stop_reason2_1_10,primary_prophylaxis_against_relapse,Code,Binary,Static,Manual
proph_stop_reason2_1_11,primary_prophylaxis_against_relapse,Drop,Binary,Static,Manual
proph_restart_yesno_1_1,primary_prophylaxis_against_relapse,Code,Binary,Static,Manual
proph_restart_yesno_1_2,primary_prophylaxis_against_relapse,Code,Binary,Static,Manual
proph_restart_yesno_1_3,primary_prophylaxis_against_relapse,Drop,Binary,Static,Manual
p_drug_cycle_2_0,primary_prophylaxis_against_relapse,Drop,Binary,Static,Manual
p_drug_cycle_2_1,primary_prophylaxis_against_relapse,Code,Binary,Static,Manual
p_drug_cycle_2_2,primary_prophylaxis_against_relapse,Code,Binary,Static,Manual
p_drug_cycle_2_3,primary_prophylaxis_against_relapse,Code,Binary,Static,Manual
p_drug_cycle_2_4,primary_prophylaxis_against_relapse,Drop,Binary,Static,Manual
p_drug_cycle_2_5,primary_prophylaxis_against_relapse,Drop,Binary,Static,Manual
p_drug_route_2_1,primary_prophylaxis_against_relapse,Code,Binary,Static,Manual
p_drug_route_2_2,primary_prophylaxis_against_relapse,Code,Binary,Static,Manual
p_drug_route_2_3,primary_prophylaxis_against_relapse,Code,Binary,Static,Manual
p_drug_route_2_4,primary_prophylaxis_against_relapse,Code,Binary,Static,Manual
p_drug_route_2_5,primary_prophylaxis_against_relapse,Drop,Binary,Static,Manual
p_drug_route_2_6,primary_prophylaxis_against_relapse,Drop,Binary,Static,Manual
p_drug_stop_change_2_0,primary_prophylaxis_against_relapse,Code,Binary,Static,Manual
p_drug_stop_change_2_1,primary_prophylaxis_against_relapse,Code,Binary,Static,Manual
p_drug_stop_change_2_2,primary_prophylaxis_against_relapse,Code,Binary,Static,Manual
p_drug_stop_change_2_3,primary_prophylaxis_against_relapse,Drop,Binary,Static,Manual
proph_stop_reason1_2_1,primary_prophylaxis_against_relapse,Code,Binary,Static,Manual
proph_stop_reason1_2_2,primary_prophylaxis_against_relapse,Code,Binary,Static,Manual
proph_stop_reason1_2_3,primary_prophylaxis_against_relapse,Code,Binary,Static,Manual
proph_stop_reason1_2_4,primary_prophylaxis_against_relapse,Code,Binary,Static,Manual
proph_stop_reason1_2_5,primary_prophylaxis_against_relapse,Code,Binary,Static,Manual
proph_stop_reason1_2_6,primary_prophylaxis_against_relapse,Code,Binary,Static,Manual
proph_stop_reason1_2_7,primary_prophylaxis_against_relapse,Code,Binary,Static,Manual
proph_stop_reason1_2_8,primary_prophylaxis_against_relapse,Code,Binary,Static,Manual
proph_stop_reason1_2_9,primary_prophylaxis_against_relapse,Code,Binary,Static,Manual
proph_stop_reason1_2_10,primary_prophylaxis_against_relapse,Code,Binary,Static,Manual
proph_stop_reason1_2_11,primary_prophylaxis_against_relapse,Drop,Binary,Static,Manual
proph_stop_reason2_2_1,primary_prophylaxis_against_relapse,Code,Binary,Static,Manual
proph_stop_reason2_2_2,primary_prophylaxis_against_relapse,Code,Binary,Static,Manual
proph_stop_reason2_2_3,primary_prophylaxis_against_relapse,Code,Binary,Static,Manual
proph_stop_reason2_2_4,primary_prophylaxis_against_relapse,Code,Binary,Static,Manual
proph_stop_reason2_2_5,primary_prophylaxis_against_relapse,Code,Binary,Static,Manual
proph_stop_reason2_2_6,primary_prophylaxis_against_relapse,Code,Binary,Static,Manual
proph_stop_reason2_2_7,primary_prophylaxis_against_relapse,Code,Binary,Static,Manual
proph_stop_reason2_2_8,primary_prophylaxis_against_relapse,Code,Binary,Static,Manual
proph_stop_reason2_2_9,primary_prophylaxis_against_relapse,Code,Binary,Static,Manual
proph_stop_reason2_2_10,primary_prophylaxis_against_relapse,Code,Binary,Static,Manual
proph_stop_reason2_2_11,primary_prophylaxis_against_relapse,Drop,Binary,Static,Manual
proph_restart_yesno_2_1,primary_prophylaxis_against_relapse,Code,Binary,Static,Manual
proph_restart_yesno_2_2,primary_prophylaxis_against_relapse,Code,Binary,Static,Manual
proph_restart_yesno_2_3,primary_prophylaxis_against_relapse,Drop,Binary,Static,Manual
p_drug_cycle_3_0,primary_prophylaxis_against_relapse,Drop,Binary,Static,Manual
p_drug_cycle_3_1,primary_prophylaxis_against_relapse,Code,Binary,Static,Manual
p_drug_cycle_3_2,primary_prophylaxis_against_relapse,Code,Binary,Static,Manual
p_drug_cycle_3_3,primary_prophylaxis_against_relapse,Code,Binary,Static,Manual
p_drug_cycle_3_4,primary_prophylaxis_against_relapse,Drop,Binary,Static,Manual
p_drug_cycle_3_5,primary_prophylaxis_against_relapse,Drop,Binary,Static,Manual
p_drug_route_3_1,primary_prophylaxis_against_relapse,Code,Binary,Static,Manual
p_drug_route_3_2,primary_prophylaxis_against_relapse,Code,Binary,Static,Manual
p_drug_route_3_3,primary_prophylaxis_against_relapse,Code,Binary,Static,Manual
p_drug_route_3_4,primary_prophylaxis_against_relapse,Code,Binary,Static,Manual
p_drug_route_3_5,primary_prophylaxis_against_relapse,Drop,Binary,Static,Manual
p_drug_route_3_6,primary_prophylaxis_against_relapse,Drop,Binary,Static,Manual
p_drug_stop_change_3_0,primary_prophylaxis_against_relapse,Code,Binary,Static,Manual
p_drug_stop_change_3_1,primary_prophylaxis_against_relapse,Code,Binary,Static,Manual
p_drug_stop_change_3_2,primary_prophylaxis_against_relapse,Code,Binary,Static,Manual
p_drug_stop_change_3_3,primary_prophylaxis_against_relapse,Drop,Binary,Static,Manual
proph_stop_reason1_3_1,primary_prophylaxis_against_relapse,Code,Binary,Static,Manual
proph_stop_reason1_3_2,primary_prophylaxis_against_relapse,Code,Binary,Static,Manual
proph_stop_reason1_3_3,primary_prophylaxis_against_relapse,Code,Binary,Static,Manual
proph_stop_reason1_3_4,primary_prophylaxis_against_relapse,Code,Binary,Static,Manual
proph_stop_reason1_3_5,primary_prophylaxis_against_relapse,Code,Binary,Static,Manual
proph_stop_reason1_3_6,primary_prophylaxis_against_relapse,Code,Binary,Static,Manual
proph_stop_reason1_3_7,primary_prophylaxis_against_relapse,Code,Binary,Static,Manual
proph_stop_reason1_3_8,primary_prophylaxis_against_relapse,Code,Binary,Static,Manual
proph_stop_reason1_3_9,primary_prophylaxis_against_relapse,Code,Binary,Static,Manual
proph_stop_reason1_3_10,primary_prophylaxis_against_relapse,Code,Binary,Static,Manual
proph_stop_reason1_3_11,primary_prophylaxis_against_relapse,Drop,Binary,Static,Manual
proph_stop_reason2_3_1,primary_prophylaxis_against_relapse,Code,Binary,Static,Manual
proph_stop_reason2_3_2,primary_prophylaxis_against_relapse,Code,Binary,Static,Manual
proph_stop_reason2_3_3,primary_prophylaxis_against_relapse,Code,Binary,Static,Manual
proph_stop_reason2_3_4,primary_prophylaxis_against_relapse,Code,Binary,Static,Manual
proph_stop_reason2_3_5,primary_prophylaxis_against_relapse,Code,Binary,Static,Manual
proph_stop_reason2_3_6,primary_prophylaxis_against_relapse,Code,Binary,Static,Manual
proph_stop_reason2_3_7,primary_prophylaxis_against_relapse,Code,Binary,Static,Manual
proph_stop_reason2_3_8,primary_prophylaxis_against_relapse,Code,Binary,Static,Manual
proph_stop_reason2_3_9,primary_prophylaxis_against_relapse,Code,Binary,Static,Manual
proph_stop_reason2_3_10,primary_prophylaxis_against_relapse,Code,Binary,Static,Manual
proph_stop_reason2_3_11,primary_prophylaxis_against_relapse,Drop,Binary,Static,Manual
proph_restart_yesno_3_1,primary_prophylaxis_against_relapse,Code,Binary,Static,Manual
proph_restart_yesno_3_2,primary_prophylaxis_against_relapse,Code,Binary,Static,Manual
proph_restart_yesno_3_3,primary_prophylaxis_against_relapse,Drop,Binary,Static,Manual
p_drug_cycle_4_0,primary_prophylaxis_against_relapse,Drop,Binary,Static,Manual
p_drug_cycle_4_1,primary_prophylaxis_against_relapse,Code,Binary,Static,Manual
p_drug_cycle_4_2,primary_prophylaxis_against_relapse,Code,Binary,Static,Manual
p_drug_cycle_4_3,primary_prophylaxis_against_relapse,Code,Binary,Static,Manual
p_drug_cycle_4_4,primary_prophylaxis_against_relapse,Drop,Binary,Static,Manual
p_drug_cycle_4_5,primary_prophylaxis_against_relapse,Drop,Binary,Static,Manual
p_drug_route_4_1,primary_prophylaxis_against_relapse,Code,Binary,Static,Manual
p_drug_route_4_2,primary_prophylaxis_against_relapse,Code,Binary,Static,Manual
p_drug_route_4_3,primary_prophylaxis_against_relapse,Code,Binary,Static,Manual
p_drug_route_4_4,primary_prophylaxis_against_relapse,Code,Binary,Static,Manual
p_drug_route_4_5,primary_prophylaxis_against_relapse,Drop,Binary,Static,Manual
p_drug_route_4_6,primary_prophylaxis_against_relapse,Drop,Binary,Static,Manual
p_drug_stop_change_4_0,primary_prophylaxis_against_relapse,Code,Binary,Static,Manual
p_drug_stop_change_4_1,primary_prophylaxis_against_relapse,Code,Binary,Static,Manual
p_drug_stop_change_4_2,primary_prophylaxis_against_relapse,Code,Binary,Static,Manual
p_drug_stop_change_4_3,primary_prophylaxis_against_relapse,Drop,Binary,Static,Manual
proph_stop_reason1_4_1,primary_prophylaxis_against_relapse,Code,Binary,Static,Manual
proph_stop_reason1_4_2,primary_prophylaxis_against_relapse,Code,Binary,Static,Manual
proph_stop_reason1_4_3,primary_prophylaxis_against_relapse,Code,Binary,Static,Manual
proph_stop_reason1_4_4,primary_prophylaxis_against_relapse,Code,Binary,Static,Manual
proph_stop_reason1_4_5,primary_prophylaxis_against_relapse,Code,Binary,Static,Manual
proph_stop_reason1_4_6,primary_prophylaxis_against_relapse,Code,Binary,Static,Manual
proph_stop_reason1_4_7,primary_prophylaxis_against_relapse,Code,Binary,Static,Manual
proph_stop_reason1_4_8,primary_prophylaxis_against_relapse,Code,Binary,Static,Manual
proph_stop_reason1_4_9,primary_prophylaxis_against_relapse,Code,Binary,Static,Manual
proph_stop_reason1_4_10,primary_prophylaxis_against_relapse,Code,Binary,Static,Manual
proph_stop_reason1_4_11,primary_prophylaxis_against_relapse,Drop,Binary,Static,Manual
proph_stop_reason2_4_1,primary_prophylaxis_against_relapse,Code,Binary,Static,Manual
proph_stop_reason2_4_2,primary_prophylaxis_against_relapse,Code,Binary,Static,Manual
proph_stop_reason2_4_3,primary_prophylaxis_against_relapse,Code,Binary,Static,Manual
proph_stop_reason2_4_4,primary_prophylaxis_against_relapse,Code,Binary,Static,Manual
proph_stop_reason2_4_5,primary_prophylaxis_against_relapse,Code,Binary,Static,Manual
proph_stop_reason2_4_6,primary_prophylaxis_against_relapse,Code,Binary,Static,Manual
proph_stop_reason2_4_7,primary_prophylaxis_against_relapse,Code,Binary,Static,Manual
proph_stop_reason2_4_8,primary_prophylaxis_against_relapse,Code,Binary,Static,Manual
proph_stop_reason2_4_9,primary_prophylaxis_against_relapse,Code,Binary,Static,Manual
proph_stop_reason2_4_10,primary_prophylaxis_against_relapse,Code,Binary,Static,Manual
proph_stop_reason2_4_11,primary_prophylaxis_against_relapse,Drop,Binary,Static,Manual
proph_restart_yesno_4_1,primary_prophylaxis_against_relapse,Code,Binary,Static,Manual
proph_restart_yesno_4_2,primary_prophylaxis_against_relapse,Code,Binary,Static,Manual
proph_restart_yesno_4_3,primary_prophylaxis_against_relapse,Drop,Binary,Static,Manual
p_drug_cycle_5_0,primary_prophylaxis_against_relapse,Drop,Binary,Static,Manual
p_drug_cycle_5_1,primary_prophylaxis_against_relapse,Code,Binary,Static,Manual
p_drug_cycle_5_2,primary_prophylaxis_against_relapse,Code,Binary,Static,Manual
p_drug_cycle_5_3,primary_prophylaxis_against_relapse,Code,Binary,Static,Manual
p_drug_cycle_5_4,primary_prophylaxis_against_relapse,Drop,Binary,Static,Manual
p_drug_cycle_5_5,primary_prophylaxis_against_relapse,Drop,Binary,Static,Manual
p_drug_route_5_1,primary_prophylaxis_against_relapse,Code,Binary,Static,Manual
p_drug_route_5_2,primary_prophylaxis_against_relapse,Code,Binary,Static,Manual
p_drug_route_5_3,primary_prophylaxis_against_relapse,Code,Binary,Static,Manual
p_drug_route_5_4,primary_prophylaxis_against_relapse,Code,Binary,Static,Manual
p_drug_route_5_5,primary_prophylaxis_against_relapse,Drop,Binary,Static,Manual
p_drug_route_5_6,primary_prophylaxis_against_relapse,Drop,Binary,Static,Manual
p_drug_stop_change_5_0,primary_prophylaxis_against_relapse,Code,Binary,Static,Manual
p_drug_stop_change_5_1,primary_prophylaxis_against_relapse,Code,Binary,Static,Manual
p_drug_stop_change_5_2,primary_prophylaxis_against_relapse,Code,Binary,Static,Manual
p_drug_stop_change_5_3,primary_prophylaxis_against_relapse,Drop,Binary,Static,Manual
proph_stop_reason1_5_1,primary_prophylaxis_against_relapse,Code,Binary,Static,Manual
proph_stop_reason1_5_2,primary_prophylaxis_against_relapse,Code,Binary,Static,Manual
proph_stop_reason1_5_3,primary_prophylaxis_against_relapse,Code,Binary,Static,Manual
proph_stop_reason1_5_4,primary_prophylaxis_against_relapse,Code,Binary,Static,Manual
proph_stop_reason1_5_5,primary_prophylaxis_against_relapse,Code,Binary,Static,Manual
proph_stop_reason1_5_6,primary_prophylaxis_against_relapse,Code,Binary,Static,Manual
proph_stop_reason1_5_7,primary_prophylaxis_against_relapse,Code,Binary,Static,Manual
proph_stop_reason1_5_8,primary_prophylaxis_against_relapse,Code,Binary,Static,Manual
proph_stop_reason1_5_9,primary_prophylaxis_against_relapse,Code,Binary,Static,Manual
proph_stop_reason1_5_10,primary_prophylaxis_against_relapse,Code,Binary,Static,Manual
proph_stop_reason1_5_11,primary_prophylaxis_against_relapse,Drop,Binary,Static,Manual
proph_stop_reason2_5_1,primary_prophylaxis_against_relapse,Code,Binary,Static,Manual
proph_stop_reason2_5_2,primary_prophylaxis_against_relapse,Code,Binary,Static,Manual
proph_stop_reason2_5_3,primary_prophylaxis_against_relapse,Code,Binary,Static,Manual
proph_stop_reason2_5_4,primary_prophylaxis_against_relapse,Code,Binary,Static,Manual
proph_stop_reason2_5_5,primary_prophylaxis_against_relapse,Code,Binary,Static,Manual
proph_stop_reason2_5_6,primary_prophylaxis_against_relapse,Code,Binary,Static,Manual
proph_stop_reason2_5_7,primary_prophylaxis_against_relapse,Code,Binary,Static,Manual
proph_stop_reason2_5_8,primary_prophylaxis_against_relapse,Code,Binary,Static,Manual
proph_stop_reason2_5_9,primary_prophylaxis_against_relapse,Code,Binary,Static,Manual
proph_stop_reason2_5_10,primary_prophylaxis_against_relapse,Code,Binary,Static,Manual
proph_stop_reason2_5_11,primary_prophylaxis_against_relapse,Drop,Binary,Static,Manual
proph_restart_yesno_5_1,primary_prophylaxis_against_relapse,Code,Binary,Static,Manual
proph_restart_yesno_5_2,primary_prophylaxis_against_relapse,Code,Binary,Static,Manual
proph_restart_yesno_5_3,primary_prophylaxis_against_relapse,Drop,Binary,Static,Manual
p_drug_cycle_6_0,primary_prophylaxis_against_relapse,Drop,Binary,Static,Manual
p_drug_cycle_6_1,primary_prophylaxis_against_relapse,Code,Binary,Static,Manual
p_drug_cycle_6_2,primary_prophylaxis_against_relapse,Code,Binary,Static,Manual
p_drug_cycle_6_3,primary_prophylaxis_against_relapse,Code,Binary,Static,Manual
p_drug_cycle_6_4,primary_prophylaxis_against_relapse,Drop,Binary,Static,Manual
p_drug_cycle_6_5,primary_prophylaxis_against_relapse,Drop,Binary,Static,Manual
p_drug_route_6_1,primary_prophylaxis_against_relapse,Code,Binary,Static,Manual
p_drug_route_6_2,primary_prophylaxis_against_relapse,Code,Binary,Static,Manual
p_drug_route_6_3,primary_prophylaxis_against_relapse,Code,Binary,Static,Manual
p_drug_route_6_4,primary_prophylaxis_against_relapse,Code,Binary,Static,Manual
p_drug_route_6_5,primary_prophylaxis_against_relapse,Drop,Binary,Static,Manual
p_drug_route_6_6,primary_prophylaxis_against_relapse,Drop,Binary,Static,Manual
p_drug_stop_change_6_0,primary_prophylaxis_against_relapse,Code,Binary,Static,Manual
p_drug_stop_change_6_1,primary_prophylaxis_against_relapse,Code,Binary,Static,Manual
p_drug_stop_change_6_2,primary_prophylaxis_against_relapse,Code,Binary,Static,Manual
p_drug_stop_change_6_3,primary_prophylaxis_against_relapse,Drop,Binary,Static,Manual
proph_stop_reason1_6_1,primary_prophylaxis_against_relapse,Code,Binary,Static,Manual
proph_stop_reason1_6_2,primary_prophylaxis_against_relapse,Code,Binary,Static,Manual
proph_stop_reason1_6_3,primary_prophylaxis_against_relapse,Code,Binary,Static,Manual
proph_stop_reason1_6_4,primary_prophylaxis_against_relapse,Code,Binary,Static,Manual
proph_stop_reason1_6_5,primary_prophylaxis_against_relapse,Code,Binary,Static,Manual
proph_stop_reason1_6_6,primary_prophylaxis_against_relapse,Code,Binary,Static,Manual
proph_stop_reason1_6_7,primary_prophylaxis_against_relapse,Code,Binary,Static,Manual
proph_stop_reason1_6_8,primary_prophylaxis_against_relapse,Code,Binary,Static,Manual
proph_stop_reason1_6_9,primary_prophylaxis_against_relapse,Code,Binary,Static,Manual
proph_stop_reason1_6_10,primary_prophylaxis_against_relapse,Code,Binary,Static,Manual
proph_stop_reason1_6_11,primary_prophylaxis_against_relapse,Drop,Binary,Static,Manual
proph_stop_reason2_6_1,primary_prophylaxis_against_relapse,Code,Binary,Static,Manual
proph_stop_reason2_6_2,primary_prophylaxis_against_relapse,Code,Binary,Static,Manual
proph_stop_reason2_6_3,primary_prophylaxis_against_relapse,Code,Binary,Static,Manual
proph_stop_reason2_6_4,primary_prophylaxis_against_relapse,Code,Binary,Static,Manual
proph_stop_reason2_6_5,primary_prophylaxis_against_relapse,Code,Binary,Static,Manual
proph_stop_reason2_6_6,primary_prophylaxis_against_relapse,Code,Binary,Static,Manual
proph_stop_reason2_6_7,primary_prophylaxis_against_relapse,Code,Binary,Static,Manual
proph_stop_reason2_6_8,primary_prophylaxis_against_relapse,Code,Binary,Static,Manual
proph_stop_reason2_6_9,primary_prophylaxis_against_relapse,Code,Binary,Static,Manual
proph_stop_reason2_6_10,primary_prophylaxis_against_relapse,Code,Binary,Static,Manual
proph_stop_reason2_6_11,primary_prophylaxis_against_relapse,Drop,Binary,Static,Manual
proph_restart_yesno_6_1,primary_prophylaxis_against_relapse,Code,Binary,Static,Manual
proph_restart_yesno_6_2,primary_prophylaxis_against_relapse,Code,Binary,Static,Manual
proph_restart_yesno_6_3,primary_prophylaxis_against_relapse,Drop,Binary,Static,Manual
p_drug_cycle_7_0,primary_prophylaxis_against_relapse,Drop,Binary,Static,Manual
p_drug_cycle_7_1,primary_prophylaxis_against_relapse,Code,Binary,Static,Manual
p_drug_cycle_7_2,primary_prophylaxis_against_relapse,Code,Binary,Static,Manual
p_drug_cycle_7_3,primary_prophylaxis_against_relapse,Code,Binary,Static,Manual
p_drug_cycle_7_4,primary_prophylaxis_against_relapse,Drop,Binary,Static,Manual
p_drug_cycle_7_5,primary_prophylaxis_against_relapse,Drop,Binary,Static,Manual
p_drug_route_7_1,primary_prophylaxis_against_relapse,Code,Binary,Static,Manual
p_drug_route_7_2,primary_prophylaxis_against_relapse,Code,Binary,Static,Manual
p_drug_route_7_3,primary_prophylaxis_against_relapse,Code,Binary,Static,Manual
p_drug_route_7_4,primary_prophylaxis_against_relapse,Code,Binary,Static,Manual
p_drug_route_7_5,primary_prophylaxis_against_relapse,Drop,Binary,Static,Manual
p_drug_route_7_6,primary_prophylaxis_against_relapse,Drop,Binary,Static,Manual
p_drug_stop_change_7_0,primary_prophylaxis_against_relapse,Code,Binary,Static,Manual
p_drug_stop_change_7_1,primary_prophylaxis_against_relapse,Code,Binary,Static,Manual
p_drug_stop_change_7_2,primary_prophylaxis_against_relapse,Code,Binary,Static,Manual
p_drug_stop_change_7_3,primary_prophylaxis_against_relapse,Drop,Binary,Static,Manual
proph_stop_reason1_7_1,primary_prophylaxis_against_relapse,Code,Binary,Static,Manual
proph_stop_reason1_7_2,primary_prophylaxis_against_relapse,Code,Binary,Static,Manual
proph_stop_reason1_7_3,primary_prophylaxis_against_relapse,Code,Binary,Static,Manual
proph_stop_reason1_7_4,primary_prophylaxis_against_relapse,Code,Binary,Static,Manual
proph_stop_reason1_7_5,primary_prophylaxis_against_relapse,Code,Binary,Static,Manual
proph_stop_reason1_7_6,primary_prophylaxis_against_relapse,Code,Binary,Static,Manual
proph_stop_reason1_7_7,primary_prophylaxis_against_relapse,Code,Binary,Static,Manual
proph_stop_reason1_7_8,primary_prophylaxis_against_relapse,Code,Binary,Static,Manual
proph_stop_reason1_7_9,primary_prophylaxis_against_relapse,Code,Binary,Static,Manual
proph_stop_reason1_7_10,primary_prophylaxis_against_relapse,Code,Binary,Static,Manual
proph_stop_reason1_7_11,primary_prophylaxis_against_relapse,Drop,Binary,Static,Manual
proph_stop_reason2_7_1,primary_prophylaxis_against_relapse,Code,Binary,Static,Manual
proph_stop_reason2_7_2,primary_prophylaxis_against_relapse,Code,Binary,Static,Manual
proph_stop_reason2_7_3,primary_prophylaxis_against_relapse,Code,Binary,Static,Manual
proph_stop_reason2_7_4,primary_prophylaxis_against_relapse,Code,Binary,Static,Manual
proph_stop_reason2_7_5,primary_prophylaxis_against_relapse,Code,Binary,Static,Manual
proph_stop_reason2_7_6,primary_prophylaxis_against_relapse,Code,Binary,Static,Manual
proph_stop_reason2_7_7,primary_prophylaxis_against_relapse,Code,Binary,Static,Manual
proph_stop_reason2_7_8,primary_prophylaxis_against_relapse,Code,Binary,Static,Manual
proph_stop_reason2_7_9,primary_prophylaxis_against_relapse,Code,Binary,Static,Manual
proph_stop_reason2_7_10,primary_prophylaxis_against_relapse,Code,Binary,Static,Manual
proph_stop_reason2_7_11,primary_prophylaxis_against_relapse,Drop,Binary,Static,Manual
proph_restart_yesno_7_1,primary_prophylaxis_against_relapse,Code,Binary,Static,Manual
proph_restart_yesno_7_2,primary_prophylaxis_against_relapse,Code,Binary,Static,Manual
proph_restart_yesno_7_3,primary_prophylaxis_against_relapse,Drop,Binary,Static,Manual
p_drug_cycle_8_0,primary_prophylaxis_against_relapse,Drop,Binary,Static,Manual
p_drug_cycle_8_1,primary_prophylaxis_against_relapse,Code,Binary,Static,Manual
p_drug_cycle_8_2,primary_prophylaxis_against_relapse,Code,Binary,Static,Manual
p_drug_cycle_8_3,primary_prophylaxis_against_relapse,Code,Binary,Static,Manual
p_drug_cycle_8_4,primary_prophylaxis_against_relapse,Drop,Binary,Static,Manual
p_drug_cycle_8_5,primary_prophylaxis_against_relapse,Drop,Binary,Static,Manual
p_drug_route_8_1,primary_prophylaxis_against_relapse,Code,Binary,Static,Manual
p_drug_route_8_2,primary_prophylaxis_against_relapse,Code,Binary,Static,Manual
p_drug_route_8_3,primary_prophylaxis_against_relapse,Code,Binary,Static,Manual
p_drug_route_8_4,primary_prophylaxis_against_relapse,Code,Binary,Static,Manual
p_drug_route_8_5,primary_prophylaxis_against_relapse,Drop,Binary,Static,Manual
p_drug_route_8_6,primary_prophylaxis_against_relapse,Drop,Binary,Static,Manual
p_drug_stop_change_8_0,primary_prophylaxis_against_relapse,Code,Binary,Static,Manual
p_drug_stop_change_8_1,primary_prophylaxis_against_relapse,Code,Binary,Static,Manual
p_drug_stop_change_8_2,primary_prophylaxis_against_relapse,Code,Binary,Static,Manual
p_drug_stop_change_8_3,primary_prophylaxis_against_relapse,Drop,Binary,Static,Manual
proph_stop_reason1_8_1,primary_prophylaxis_against_relapse,Code,Binary,Static,Manual
proph_stop_reason1_8_2,primary_prophylaxis_against_relapse,Code,Binary,Static,Manual
proph_stop_reason1_8_3,primary_prophylaxis_against_relapse,Code,Binary,Static,Manual
proph_stop_reason1_8_4,primary_prophylaxis_against_relapse,Code,Binary,Static,Manual
proph_stop_reason1_8_5,primary_prophylaxis_against_relapse,Code,Binary,Static,Manual
proph_stop_reason1_8_6,primary_prophylaxis_against_relapse,Code,Binary,Static,Manual
proph_stop_reason1_8_7,primary_prophylaxis_against_relapse,Code,Binary,Static,Manual
proph_stop_reason1_8_8,primary_prophylaxis_against_relapse,Code,Binary,Static,Manual
proph_stop_reason1_8_9,primary_prophylaxis_against_relapse,Code,Binary,Static,Manual
proph_stop_reason1_8_10,primary_prophylaxis_against_relapse,Code,Binary,Static,Manual
proph_stop_reason1_8_11,primary_prophylaxis_against_relapse,Drop,Binary,Static,Manual
proph_stop_reason2_8_1,primary_prophylaxis_against_relapse,Code,Binary,Static,Manual
proph_stop_reason2_8_2,primary_prophylaxis_against_relapse,Code,Binary,Static,Manual
proph_stop_reason2_8_3,primary_prophylaxis_against_relapse,Code,Binary,Static,Manual
proph_stop_reason2_8_4,primary_prophylaxis_against_relapse,Code,Binary,Static,Manual
proph_stop_reason2_8_5,primary_prophylaxis_against_relapse,Code,Binary,Static,Manual
proph_stop_reason2_8_6,primary_prophylaxis_against_relapse,Code,Binary,Static,Manual
proph_stop_reason2_8_7,primary_prophylaxis_against_relapse,Code,Binary,Static,Manual
proph_stop_reason2_8_8,primary_prophylaxis_against_relapse,Code,Binary,Static,Manual
proph_stop_reason2_8_9,primary_prophylaxis_against_relapse,Code,Binary,Static,Manual
proph_stop_reason2_8_10,primary_prophylaxis_against_relapse,Code,Binary,Static,Manual
proph_stop_reason2_8_11,primary_prophylaxis_against_relapse,Drop,Binary,Static,Manual
proph_restart_yesno_8_1,primary_prophylaxis_against_relapse,Code,Binary,Static,Manual
proph_restart_yesno_8_2,primary_prophylaxis_against_relapse,Code,Binary,Static,Manual
proph_restart_yesno_8_3,primary_prophylaxis_against_relapse,Drop,Binary,Static,Manual
upn,first_HCT,Drop,Num,Static,No
uwid,first_HCT,Drop,Char,Static,No
tx,first_HCT,Drop,Num,Static,No
txdatex,first_HCT,Drop,Datetime,Static,No
txdate,first_HCT,Drop,Datetime,Static,No
txage_0,first_HCT,Code,Num,Static,Manual
txage_1,first_HCT,Code,Num,Static,Manual
txage_2,first_HCT,Code,Num,Static,Manual
txage_3,first_HCT,Code,Num,Static,Manual
txage_4,first_HCT,Code,Num,Static,Manual
relage_0,first_HCT,Code,Num,Static,Manual
relage_1,first_HCT,Code,Num,Static,Manual
relage_2,first_HCT,Code,Num,Static,Manual
relage_3,first_HCT,Code,Num,Static,Manual
relage_4,first_HCT,Code,Num,Static,Manual
female_donor_male_recipient,first_HCT,Code,Binary,Static,Manual
don_drm,first_HCT,Drop,Char,Static,No
don_mat,first_HCT,Drop,Char,Static,No
minitx,first_HCT,Code,Binary,Static,Yes
delatg,first_HCT,Code,Binary,Static,No
delcamp,first_HCT,Code,Binary,Static,No
prexlbl,first_HCT,Drop,Char,Static,No
sex,first_HCT,Drop,Char,Static,No
birthdat,first_HCT,Drop,Datetime,Static,No
donsex,first_HCT,Drop,Char,Static,No
agvhdat,first_HCT,Drop,Datetime,Static,No
agvhday,first_HCT,Drop,Num,Static,No
agvhgrd,first_HCT,Drop,Num,Static,No
agvhskn,first_HCT,Drop,Num,Static,No
agvhlvr,first_HCT,Drop,Num,Static,No
agvhgut,first_HCT,Drop,Num,Static,No
don1sex,first_HCT,Drop,Char,Static,No
don2sex,first_HCT,Drop,Char,Static,No
tbidose_ge1200,first_HCT,Code,Binary,Static,Manual
tbidose_le450,first_HCT,Code,Binary,Static,Manual
proplbl_CNI,first_HCT,Code,Binary,Static,Manual
proplbl_MMF,first_HCT,Code,Binary,Static,Manual
proplbl_MTX,first_HCT,Code,Binary,Static,Manual
proplbl_Post-Transplant_Cyclophosphamide,first_HCT,Code,Binary,Static,Manual
proplbl_RAPA,first_HCT,Code,Binary,Static,Manual
proplbl_STEROIDS,first_HCT,Code,Binary,Static,Manual
cmvx_neg_neg,first_HCT,Code,Binary,Static,Manual
cmvx_Others,first_HCT,Drop,Binary,Static,Manual
cmvx_Unknown,first_HCT,Drop,Binary,Static,Manual
hla_cco_STEROIDS,first_HCT,Drop,Binary,Static,Manual
hla_cco_CORD,first_HCT,Code,Binary,Static,Manual
hla_cco_REL/HAPLOIDENTICAL,first_HCT,Code,Binary,Static,Manual
hla_cco_REL/MATCHED,first_HCT,Code,Binary,Static,Manual
hla_cco_REL/MISMATCH,first_HCT,Code,Binary,Static,Manual
hla_cco_URD/MATCHED,first_HCT,Code,Binary,Static,Manual
hla_cco_URD/MISMATCH,first_HCT,Code,Binary,Static,Manual
celltxl_BM,first_HCT,Code,Binary,Static,Manual
celltxl_CORD,first_HCT,Code,Binary,Static,Manual
celltxl_PBSC,first_HCT,Code,Binary,Static,Manual
isp_event,immunosuppression_kinetics,Code,Binary,Static,Manual
graft_rej_event,graft_rejection,Code,Binary,Static,Manual
gvhd_event,gvhd,Code,Binary,Static,Manual
